state,parlimen,Total_Voters,Total_Undi_18,Total_Youth,Total_Senior_Citizen,Total_Early_Voter,ratio_undi_18,ratio_youth,ratio_senior_citizen,ratio_early_voter
Perlis,P.001 Padang Besar,60192,3566,16420,11454,2191,0.05924375332270069,0.27279372674109514,0.19029106858054226,0.036400186071238703
Perlis,P.002 Kangar,74859,4682,20782,14877,1016,0.06254424985639669,0.2776152500033396,0.1987336192041037,0.013572182369521367
Perlis,P.003 Arau,60876,3640,16001,12042,459,0.05979367895393915,0.26284578487417043,0.19781194559432289,0.007539917208752218
Kedah,P.004 Langkawi,66777,5340,22657,8348,1126,0.07996765353340222,0.3392934693082948,0.1250131033140153,0.016862093235694924
Kedah,P.005 Jerlun,67601,3829,16938,13825,35,0.05664117394713096,0.25055842369195724,0.20450880904128638,0.000517743820357687
Kedah,P.006 Kubang Pasu,108217,8025,34497,17963,2567,0.07415655580916122,0.3187761627101102,0.16599055601245646,0.02372085716661892
Kedah,P.007 Padang Terap,59806,3759,17042,9976,206,0.06285322542888673,0.28495468682072034,0.16680600608634585,0.003444470454469451
Kedah,P.008 Pokok Sena,114838,6557,31039,22206,2293,0.05709782476183842,0.27028509726745503,0.193368048903673,0.019967258224629476
Kedah,P.009 Alor Setar,105994,5429,25863,24439,703,0.051219880370587015,0.2440043776062796,0.23056965488612563,0.006632450893446799
Kedah,P.010 Kuala Kedah,132500,8031,36476,24990,77,0.06061132075471698,0.27529056603773583,0.18860377358490565,0.0005811320754716982
Kedah,P.011 Pendang,94547,5778,25453,17592,173,0.06111246258474621,0.2692100225284779,0.18606618930267485,0.0018297777824785556
Kedah,P.012 Jerai,105001,6694,29158,19556,273,0.06375177379263054,0.27769259340387237,0.18624584527766402,0.0025999752383310637
Kedah,P.013 Sik,63126,3943,17325,10693,164,0.06246237683363432,0.2744510978043912,0.16939137597820234,0.0025979786458828376
Kedah,P.014 Merbok,132444,10151,43343,19784,5056,0.07664371356950862,0.327255292802996,0.14937634018906104,0.03817462474706291
Kedah,P.015 Sungai Petani,168847,12550,53676,28754,143,0.0743276457384496,0.3178972679407985,0.17029618530385496,0.0008469205849082305
Kedah,P.016 Baling,132099,8286,37441,22561,295,0.06272568301046942,0.28343136586953727,0.17078857523524024,0.002233173604645001
Kedah,P.017 Padang Serai,133867,12053,47689,19023,76,0.09003712640157768,0.3562416428245946,0.14210372982138988,0.0005677276700008217
Kedah,P.018 Kulim-Bandar Baharu,90141,5582,25381,16318,1487,0.06192520606605208,0.2815699848015886,0.18102750135898205,0.01649637789685049
Kelantan,P.019 Tumpat,149371,10406,45222,23944,408,0.06966546384505694,0.302749529694519,0.1602988531910478,0.0027314538966733836
Kelantan,P.020 Pengkalan Chepa,106982,8303,35988,13398,2630,0.0776111869286422,0.33639303808117255,0.12523602101288067,0.024583574806976875
Kelantan,P.021 Kota Bharu,115450,6293,30377,22075,855,0.05450844521437852,0.2631182330012993,0.19120831528800347,0.007405803378085752
Kelantan,P.022 Pasir Mas,94544,6176,27664,16101,122,0.06532408190895245,0.29260450160771706,0.17030165848705364,0.0012904044677610426
Kelantan,P.023 Rantau Panjang,93248,6561,28420,15574,399,0.07036075840768703,0.3047786547700755,0.16701698695950584,0.004278912148249828
Kelantan,P.024 Kubang Kerian,113640,8571,37463,16219,98,0.07542238648363252,0.3296638507567758,0.14272263287574796,0.0008623724040830693
Kelantan,P.025 Bachok,123183,9142,38883,17176,250,0.07421478613120316,0.3156523221548428,0.1394348246105388,0.0020295008239773343
Kelantan,P.026 Ketereh,85281,5925,26375,12105,3056,0.06947620220213177,0.3092717017858609,0.1419425194357477,0.03583447661261008
Kelantan,P.027 Tanah Merah,98782,6763,29943,14572,280,0.0684638901824219,0.3031220262800915,0.14751675406450568,0.002834524508513697
Kelantan,P.028 Pasir Puteh,113070,8159,35163,16799,262,0.07215883965684974,0.3109843459803662,0.14857168125939682,0.002317148668966127
Kelantan,P.029 Machang,88825,5836,26314,13932,268,0.06570222347312131,0.29624542640022516,0.15684773430903462,0.003017168589924008
Kelantan,P.030 Jeli,59798,3966,18110,8614,1896,0.06632328840429445,0.3028529382253587,0.1440516405230944,0.031706746045018226
Kelantan,P.031 Kuala Krai,92335,6531,28674,13177,280,0.07073157524232415,0.31054313099041536,0.14270861536795365,0.0030324362376130394
Kelantan,P.032 Gua Musang,70254,5797,24793,8884,257,0.08251487459788766,0.352905172659208,0.12645543314259686,0.0036581546958180315
Terengganu,P.033 Besut,111650,8306,36328,14184,1752,0.07439319301388267,0.32537393640841916,0.1270398566950291,0.015691894312583967
Terengganu,P.034 Setiu,107294,7557,33967,13417,316,0.07043264301824892,0.31657874624862525,0.125048930974705,0.0029451786679590658
Terengganu,P.035 Kuala Nerus,105952,7771,34436,13095,1597,0.07334453337360314,0.3250151011778919,0.1235937028088191,0.0150728631833283
Terengganu,P.036 Kuala Terengganu,123305,6860,32229,21240,1403,0.05563440249787113,0.2613762621142695,0.17225578849195086,0.011378289607071894
Terengganu,P.037 Marang,131756,9568,41847,17244,743,0.07261908376089135,0.31760982422052886,0.13087829017274355,0.005639211876498983
Terengganu,P.038 Hulu Terengganu,87917,5467,25200,12855,232,0.06218365048852895,0.2866339843261258,0.1462174550996963,0.002638852554113539
Terengganu,P.039 Dungun,115559,8699,36999,14484,595,0.07527756384184703,0.32017411019479225,0.12533857163873,0.005148884985159096
Terengganu,P.040 Kemaman,139423,10894,44382,18124,387,0.0781363189717622,0.3183262445937901,0.1299928993064272,0.0027757256693658867
Pulau Pinang,P.041 Kepala Batas,83081,6227,25605,13561,686,0.07495095148108473,0.3081932090369639,0.16322624908222097,0.008257002202669684
Pulau Pinang,P.042 Tasek Gelugor,80868,5285,23326,13467,2607,0.06535341544244942,0.2884453677598061,0.16653064252856506,0.03223772073007865
Pulau Pinang,P.043 Bagan,89447,4303,18893,22254,179,0.048106700057017004,0.21122005209789038,0.24879537603273447,0.0020011850593088646
Pulau Pinang,P.044 Permatang Pauh,107186,6746,29101,19650,762,0.06293732390424123,0.27150000932957663,0.18332618065792175,0.007109137387345362
Pulau Pinang,P.045 Bukit Mertajam,120819,7165,31414,25465,42,0.059303586356450555,0.26000877345450635,0.21076982924871088,0.0003476274427035483
Pulau Pinang,P.046 Batu Kawan,88812,5659,23718,17216,198,0.06371886681979913,0.26705850560735034,0.19384767824167906,0.0022294284556141062
Pulau Pinang,P.047 Nibong Tebal,100062,6981,29647,16429,543,0.06976674461833664,0.2962863024924547,0.16418820331394535,0.0054266354859986805
Pulau Pinang,P.048 Bukit Bendera,92521,3327,15866,29961,1055,0.035959403811026684,0.17148539250548525,0.3238291847256299,0.011402816657839841
Pulau Pinang,P.049 Tanjong,52803,1026,5531,22700,903,0.019430714163967956,0.10474783629718008,0.42989981629831636,0.017101301062439633
Pulau Pinang,P.050 Jelutong,93989,3909,18242,25809,926,0.04158997329474726,0.19408654204215386,0.27459596335741415,0.009852216748768473
Pulau Pinang,P.051 Bukit Gelugor,117134,5575,25479,28225,145,0.04759506206566838,0.21752010517868425,0.24096334113067086,0.0012378984752505677
Pulau Pinang,P.052 Bayan Baru,119640,6567,29324,24335,2234,0.054889669007021066,0.24510197258441993,0.20340187228351722,0.018672684720829155
Pulau Pinang,P.053 Balik Pulau,80264,5312,22857,14380,785,0.06618160071763181,0.2847727499252467,0.17915877603907107,0.009780225256653044
Perak,P.054 Gerik,47565,3308,15090,7200,2808,0.06954693577210133,0.3172500788394828,0.15137180700094607,0.05903500473036897
Perak,P.055 Lenggong,36950,1988,9181,7292,51,0.053802435723951283,0.24847090663058186,0.19734776725304465,0.0013802435723951287
Perak,P.056 Larut,65719,3913,18120,12195,224,0.0595413807270348,0.2757193505683288,0.18556277484441333,0.0034084511328535128
Perak,P.057 Parit Buntar,68502,3802,17150,13224,96,0.05550202913783539,0.2503576537911302,0.19304545852675833,0.0014014189366733818
Perak,P.058 Bagan Serai,80293,5050,22117,14261,328,0.0628946483504166,0.2754536510032008,0.17761199606441408,0.0040850385463240884
Perak,P.059 Bukit Gantang,94253,5383,25388,17560,78,0.057112240459189625,0.269360126468123,0.18630706714905626,0.0008275598654684731
Perak,P.060 Taiping,121566,5739,28777,29456,4476,0.04720892354770248,0.23671914844611158,0.24230459174440222,0.03681950545382755
Perak,P.061 Padang Rengas,38686,1975,9394,8451,41,0.05105206017680815,0.24282686243085355,0.21845111926795224,0.0010598149201261437
Perak,P.062 Sungai Siput,72395,4051,18088,15111,292,0.05595690310104289,0.24985150908211892,0.20872988466054285,0.004033427722909041
Perak,P.063 Tambun,160558,11082,48403,26830,4734,0.0690217865195132,0.30146738250351895,0.16710472228104487,0.029484672205682683
Perak,P.064 Ipoh Timor,118178,4418,21156,36828,2550,0.0373842847230449,0.17901809135372065,0.31163160655959654,0.021577620200037232
Perak,P.065 Ipoh Barat,114654,4922,23982,31538,858,0.04292916077938842,0.20916845465487466,0.2750710834336351,0.007483384792506149
Perak,P.066 Batu Gajah,111896,5596,25558,27117,581,0.050010724243940805,0.22840852219918495,0.2423411024522771,0.005192321441338386
Perak,P.067 Kuala Kangsar,46985,2512,11754,10163,332,0.053463871448334574,0.2501649462594445,0.21630307544961158,0.007066084920719379
Perak,P.068 Beruas,108249,5947,26400,23998,178,0.0549381518535968,0.24388216057423162,0.22169257914622767,0.0016443569917505012
Perak,P.069 Parit,47915,2882,13065,8956,475,0.06014817906709798,0.27267035375143484,0.186914327454868,0.00991338829176667
Perak,P.070 Kampar,89894,4026,18847,23587,378,0.04478608138474203,0.20965804169355018,0.26238681113311235,0.004204952499610653
Perak,P.071 Gopeng,143657,8986,40721,27355,1176,0.06255177262507222,0.2834599079752466,0.19041884488747501,0.00818616565847818
Perak,P.072 Tapah,61946,3239,15621,13049,1644,0.05228747618893875,0.2521712459238692,0.21065121234623704,0.026539243857553352
Perak,P.073 Pasir Salak,74761,4516,20406,13153,81,0.06040582656732788,0.2729498000294271,0.17593397627105042,0.0010834526022926393
Perak,P.074 Lumut,92972,6150,28411,13823,8919,0.06614894807038678,0.30558662823215593,0.14867917222389537,0.0959321085918341
Perak,P.075 Bagan Datuk,58183,2814,14078,11973,118,0.048364642593197324,0.2419607101730746,0.2057817575580496,0.00202808380454772
Perak,P.076 Teluk Intan,87222,4347,21077,20073,390,0.04983834353718099,0.24164774942101763,0.23013689206851481,0.004471348971589737
Perak,P.077 Tanjong Malim,93873,5154,23352,19461,483,0.054903965996612444,0.2487616247483302,0.20731200664727878,0.00514524943274424
Pahang,P.078 Cameron Highlands,46020,3298,13772,8051,353,0.071664493698392,0.2992611907866145,0.17494567579313341,0.00767057800956106
Pahang,P.079 Lipis,47124,2835,13206,8823,901,0.06016042780748663,0.2802393684746626,0.18722943722943722,0.01911976911976912
Pahang,P.080 Raub,75064,3954,18396,15915,377,0.05267505062346797,0.2450708728551636,0.21201907705424705,0.005022380901630609
Pahang,P.081 Jerantut,87051,5536,23768,14222,355,0.06359490413665553,0.27303534709538085,0.16337549252736902,0.004078069177838279
Pahang,P.082 Indera Mahkota,120549,10225,41506,16338,2002,0.08482028054981791,0.34430812366755426,0.13552995047656968,0.0166073546856465
Pahang,P.083 Kuantan,87597,5699,24695,17029,1560,0.06505930568398462,0.28191604735321985,0.19440163475918126,0.01780882906948868
Pahang,P.084 Paya Besar,79744,5789,24049,12424,98,0.07259480337078651,0.3015775481540931,0.15579855537720708,0.0012289325842696629
Pahang,P.085 Pekan,119443,8408,36992,15605,7066,0.07039340940867192,0.3097042103764976,0.13064809155831653,0.05915792470048475
Pahang,P.086 Maran,53128,3287,13715,8718,222,0.06186944737238368,0.25815012799277215,0.16409426291221202,0.004178587562114139
Pahang,P.087 Kuala Krau,60537,3642,15317,10101,43,0.06016155409088657,0.2530188149396237,0.16685663313345558,0.0007103093975585179
Pahang,P.088 Temerloh,106829,7176,32623,17111,2546,0.06717277143846709,0.3053758810809799,0.16017186344531917,0.023832479944584335
Pahang,P.089 Bentong,87058,4682,21265,17889,1205,0.05378023846171518,0.24426244572583794,0.20548370052149142,0.013841347147878425
Pahang,P.090 Bera,77669,4449,20299,13188,3800,0.05728154089791294,0.26135266322471,0.16979747389563404,0.04892556875973683
Pahang,P.091 Rompin,89131,5799,26077,13301,634,0.06506153863414525,0.2925693641942758,0.14922978537209275,0.007113125624081409
Selangor,P.092 Sabak Bernam,51609,3103,13771,9559,57,0.06012517196612994,0.26683330426863533,0.18521963223468774,0.0011044585246759286
Selangor,P.093 Sungai Besar,64382,3828,18153,10373,325,0.059457612376129974,0.28195769003758814,0.16111646112267403,0.005047994781150011
Selangor,P.094 Hulu Selangor,154317,12396,51713,22936,1344,0.08032815567954275,0.3351088992139557,0.1486291205764757,0.008709345049476078
Selangor,P.095 Tanjong Karang,62194,3840,17018,10601,27,0.06174229025307908,0.2736276811267968,0.17045052577419043,0.0004341254783419622
Selangor,P.096 Kuala Selangor,102951,8222,33559,14914,391,0.07986323590834475,0.32597060737632466,0.14486503287971947,0.003797923283892337
Selangor,P.097 Selayang,181539,15138,61119,26130,644,0.08338704080115017,0.3366714590253334,0.14393601374911177,0.003547447105029773
Selangor,P.098 Gombak,206744,13739,58761,35534,434,0.06645416553805673,0.2842210656657509,0.1718743953875324,0.0020992144874821036
Selangor,P.099 Ampang,133494,8461,36599,24977,305,0.06338112574347911,0.27416213462777356,0.18710204203934258,0.0022847468800095885
Selangor,P.100 Pandan,148730,8300,38296,25589,574,0.055805822631614335,0.25748672090365093,0.1720500235325758,0.0038593424325959794
Selangor,P.101 Hulu Langat,166902,14890,58270,23072,3066,0.08921402978993662,0.34912703262992656,0.13823680962480978,0.01837006147319984
Selangor,P.102 Bangi,303430,26140,104519,41230,1289,0.08614837029957487,0.34445835942391984,0.1358797745773325,0.004248096760373068
Selangor,P.103 Puchong,152861,11765,46957,23061,411,0.07696534760337823,0.30718757564061466,0.15086254832821974,0.002688717200594004
Selangor,P.104 Subang,230940,15261,64806,41168,1704,0.06608209924655754,0.28061834242660433,0.17826275223001645,0.007378539880488438
Selangor,P.105 Petaling Jaya,195148,10098,44490,45446,4310,0.05174534199684342,0.22798081456125607,0.23287966056531453,0.022085801545493677
Selangor,P.106 Damansara,239103,13274,56079,56436,489,0.055515823724503664,0.23453908984830804,0.23603217023625803,0.0020451437246709575
Selangor,P.107 Sungai Buloh,158090,15242,57855,17967,2388,0.09641343538490733,0.36596242646593713,0.11365045227402112,0.015105319754570181
Selangor,P.108 Shah Alam,165744,13466,52525,24882,1758,0.0812457766193648,0.31690438266241916,0.15012308137851144,0.010606718795250507
Selangor,P.109 Kapar,189369,15732,64152,24626,491,0.08307589943443752,0.3387671688607956,0.13004240398375658,0.0025928214227249444
Selangor,P.110 Klang,208913,11662,50205,46463,1266,0.05582228008788347,0.2403153465796767,0.22240358426713513,0.006059938826209954
Selangor,P.111 Kota Raja,244712,22248,85619,29681,37,0.09091503481643728,0.3498765896237209,0.1212895158390271,0.000151198143123345
Selangor,P.112 Kuala Langat,148637,11586,46596,21803,1087,0.0779482901296447,0.31348856610399833,0.1466862221384985,0.00731311853710718
Selangor,P.113 Sepang,168039,15312,57658,22101,1850,0.09112170389016835,0.3431227274620773,0.1315230392944495,0.011009349020167937
W.P. Kuala Lumpur,P.114 Kepong,94285,3904,17929,25636,283,0.04140637429071432,0.19015750119319086,0.2718990295381026,0.003001537890438564
W.P. Kuala Lumpur,P.115 Batu,113863,6580,29801,21599,2978,0.05778874612472884,0.26172681204605536,0.18969287652705444,0.026154237987757217
W.P. Kuala Lumpur,P.116 Wangsa Maju,120323,6179,29549,22815,2792,0.05135344032313024,0.2455806454293859,0.18961462064609427,0.023204208671658785
W.P. Kuala Lumpur,P.117 Segambut,119652,6397,28377,27482,249,0.05346337712700164,0.23716277203891284,0.22968274663189917,0.0020810350015043628
W.P. Kuala Lumpur,P.118 Setiawangsa,95753,5060,24635,16043,12115,0.052844297306611804,0.25727653441667625,0.16754566436560733,0.12652345096237194
W.P. Kuala Lumpur,P.119 Titiwangsa,80747,3873,17955,18503,2105,0.047964630264901484,0.22236120227376868,0.2291478321176019,0.026069079965819163
W.P. Kuala Lumpur,P.120 Bukit Bintang,79782,2065,9771,31599,2594,0.025883031260184,0.12247123411295781,0.39606678198089795,0.03251359955879772
W.P. Kuala Lumpur,P.121 Lembah Pantai,101828,4085,20191,22613,9768,0.04011666732136544,0.1982853439132655,0.22207055033978867,0.09592646423380602
W.P. Kuala Lumpur,P.122 Seputeh,124805,6250,27435,30772,401,0.050078121870117384,0.21982292376106727,0.24656063458996033,0.0032130122991867313
W.P. Kuala Lumpur,P.123 Cheras,101184,3839,17753,30282,1141,0.037940781151170146,0.17545264073371283,0.2992765654648956,0.011276486401012017
W.P. Kuala Lumpur,P.124 Bandar Tun Razak,119185,7603,33056,19398,5011,0.06379158451147376,0.27735033771028234,0.16275538029114403,0.04204388136090951
W.P. Putrajaya,P.125 Putrajaya,42881,3571,12578,3813,1386,0.08327697581679532,0.2933233833166204,0.08892050092115389,0.03232200741587183
Negeri Sembilan,P.126 Jelebu,59561,2825,12907,13225,739,0.047430365507630835,0.21670220446265173,0.22204126861536913,0.012407447826597941
Negeri Sembilan,P.127 Jempol,95813,4806,23363,19914,390,0.05016020790498158,0.24383956248108293,0.20784235959629696,0.004070428856209491
Negeri Sembilan,P.128 Seremban,157244,10489,43746,31614,1580,0.06670524789499123,0.2782045737834194,0.20105059652514565,0.010048078146065986
Negeri Sembilan,P.129 Kuala Pilah,63247,3198,14687,15073,362,0.050563663098645,0.23221654782044998,0.23831960409189368,0.0057235916328047184
Negeri Sembilan,P.130 Rasah,155896,10924,45425,30106,2337,0.07007235592959409,0.2913801508698106,0.1931159234361369,0.014990763072817777
Negeri Sembilan,P.131 Rembau,133555,10035,42248,22016,2217,0.07513758376698738,0.31633409456778105,0.16484594361873386,0.016599902661824716
Negeri Sembilan,P.132 Port Dickson,104450,6892,29212,19248,7379,0.06598372426998564,0.2796744853997128,0.18427955959789372,0.07064624222115845
Negeri Sembilan,P.133 Tampin,81099,4057,20791,15342,5220,0.05002527774695126,0.2563656765188227,0.1891761920615544,0.06436577516368883
Melaka,P.134 Masjid Tanah,69174,4340,19788,13010,323,0.06274033596437968,0.286061236880909,0.188076444907046,0.004669384450805216
Melaka,P.135 Alor Gajah,93311,5919,25494,18405,558,0.06343303576212879,0.2732153765365284,0.197243626153401,0.005980002357707023
Melaka,P.136 Tangga Batu,115998,8428,37276,16522,9621,0.07265642511077777,0.321350368109795,0.14243349023259022,0.08294108519112399
Melaka,P.137 Hang Tuah Jaya,118493,7580,33388,21854,1201,0.06397002354569468,0.2817719190163132,0.18443283569493557,0.010135619825643708
Melaka,P.138 Kota Melaka,164140,8917,39726,38778,671,0.05432557572803704,0.24202510052394297,0.23624954307298648,0.004087973681004021
Melaka,P.139 Jasin,96208,6163,27408,17660,227,0.06405912190254448,0.2848827540329287,0.18356061865957093,0.0023594711458506568
Johor,P.140 Segamat,69360,3335,16286,16167,887,0.04808246828143022,0.23480392156862745,0.23308823529411765,0.012788350634371396
Johor,P.141 Sekijang,63981,3822,17275,12253,0,0.05973648426876729,0.2700020318532064,0.19150997952517154,0.0
Johor,P.142 Labis,49846,2390,11321,11345,41,0.04794767885086065,0.2271195281466918,0.22760101111423184,0.000822533402880873
Johor,P.143 Pagoh,69939,4023,18542,14179,103,0.05752155449749067,0.26511674459171564,0.20273381089234904,0.0014727119346859407
Johor,P.144 Ledang,104577,6454,28553,20914,358,0.06171529112519961,0.2730332673532421,0.19998661273511384,0.0034233148780324547
Johor,P.145 Bakri,97335,5168,24087,21407,917,0.053094981250321055,0.24746494066882416,0.21993116556223352,0.009421071556993886
Johor,P.146 Muar,68925,4037,18470,14078,563,0.0585709104098658,0.26797243380486035,0.20425099746100833,0.00816829887558941
Johor,P.147 Parit Sulong,79484,4668,20872,17156,43,0.05872880076493382,0.2625937295556338,0.21584218207437975,0.0005409893815107443
Johor,P.148 Ayer Hitam,61041,3847,16746,11635,48,0.06302321390540784,0.27434019757212363,0.19060959027538868,0.000786356711063056
Johor,P.149 Sri Gading,78602,5769,25051,12954,96,0.07339507900562327,0.3187069031322358,0.16480496679473805,0.001221342968372306
Johor,P.150 Batu Pahat,133910,7553,34789,27482,1122,0.056403554626241505,0.2597938914196102,0.20522739153162572,0.008378761854977223
Johor,P.151 Simpang Renggam,59033,3495,16039,11274,719,0.059204173936611725,0.27169549235173546,0.19097792759981705,0.012179628343468907
Johor,P.152 Kluang,132342,7451,35575,26602,5447,0.05630109866860105,0.2688111106073658,0.20100950567469134,0.0411585135482311
Johor,P.153 Sembrong,54982,2686,12981,11683,44,0.04885235167873122,0.23609544941981012,0.2124877232548834,0.0008002619038958204
Johor,P.154 Mersing,66275,3625,17392,12280,1682,0.05469634100339495,0.2624217276499434,0.185288570350811,0.025379102225575254
Johor,P.155 Tenggara,67294,5034,21229,9500,2030,0.07480607483579517,0.3154664606057004,0.1411715754747823,0.03016613665408506
Johor,P.156 Kota Tinggi,61291,3102,14304,11821,399,0.050611019562415364,0.23337847318529636,0.1928668156825635,0.006509928048163678
Johor,P.157 Pengerang,55316,3027,13011,10034,740,0.05472196109624702,0.2352122351580013,0.18139417166823343,0.013377684575891243
Johor,P.158 Tebrau,223301,21595,82056,23629,278,0.09670803086416989,0.36746812598241835,0.10581681228476361,0.0012449563593535183
Johor,P.159 Pasir Gudang,198485,15067,63736,25516,2035,0.07591001838929894,0.3211124266317354,0.12855379499710307,0.010252663929264176
Johor,P.160 Johor Bahru,136368,5746,27162,36168,1993,0.042135984981813916,0.19918162618796198,0.2652235128475889,0.014614865657632288
Johor,P.161 Pulai,165313,11397,46299,28631,1120,0.0689419464893868,0.2800687181286408,0.1731926708728291,0.006775026767404863
Johor,P.162 Iskandar Puteri,222437,16640,69493,31946,915,0.0748076983595355,0.3124165494050001,0.1436181930164496,0.004113524278784555
Johor,P.163 Kulai,151247,11607,47020,24807,725,0.07674201802349799,0.3108821993163501,0.1640164763598617,0.004793483507110885
Johor,P.164 Pontian,75212,4250,19434,15655,80,0.05650694038185396,0.2583896186778705,0.20814497686539382,0.0010636600542466628
Johor,P.165 Tanjung Piai,70679,4131,18541,14422,304,0.05844734645368497,0.2623268580483595,0.20404929328371935,0.004301136122469192
W.P. Labuan,P.166 Labuan,44484,3225,13707,7133,1444,0.07249797680064743,0.30813326139735636,0.16034978868806762,0.03246110961244492
Sabah,P.167 Kudat,75724,6030,23654,12755,517,0.07963129258887539,0.31237124293486873,0.16844065289736412,0.006827425915165601
Sabah,P.168 Kota Marudu,80735,6606,27211,11412,175,0.0818232489007246,0.3370409363968539,0.14135133461324084,0.0021675853099646994
Sabah,P.169 Kota Belud,79885,5698,23459,12953,486,0.07132753332916067,0.2936596357263566,0.16214558427739875,0.006083745383989485
Sabah,P.170 Tuaran,83419,6462,25072,12764,193,0.07746436663110323,0.3005550294297462,0.15301070499526487,0.002313621596998286
Sabah,P.171 Sepanggar,108370,9566,39109,12830,2185,0.08827166189904956,0.36088400848943436,0.11839069853280428,0.02016240657008397
Sabah,P.172 Kota Kinabalu,74059,2461,12875,21294,342,0.03323026235838993,0.17384787804318177,0.2875275118486612,0.004617939750739275
Sabah,P.173 Putatan,63173,4251,19146,10366,3010,0.0672914061386985,0.3030725151567917,0.16408908869295427,0.04764693777404904
Sabah,P.174 Penampang,77214,5311,22352,11620,2614,0.06878286321133473,0.2894811821690367,0.15049084362939363,0.03385396430699096
Sabah,P.175 Papar,59942,4562,17838,9457,825,0.07610690333989523,0.29758766807914316,0.15776917687097528,0.01376330452771012
Sabah,P.176 Kimanis,40763,2588,10791,6543,19,0.06348894831096828,0.2647253636876579,0.1605132105095307,0.0004661089713710963
Sabah,P.177 Beaufort,43248,2383,10439,8062,209,0.05510081391046985,0.2413753237143914,0.18641324454310026,0.00483259341472438
Sabah,P.178 Sipitang,45871,3088,13332,7357,146,0.0673192212944998,0.29064114582197903,0.16038455669159163,0.0031828388306337336
Sabah,P.179 Ranau,66517,5098,21236,9495,189,0.07664206142790565,0.31925673136190746,0.142745463565705,0.002841378895620668
Sabah,P.180 Keningau,87588,6890,30104,10991,271,0.07866374389185733,0.343700050235192,0.12548522628670594,0.003094031145819062
Sabah,P.181 Tenom,42045,3212,12601,6545,140,0.07639433939826376,0.29970269948864314,0.15566654774646213,0.003329765727197051
Sabah,P.182 Pensiangan,55672,5341,21048,6677,11,0.09593691622359535,0.37807156200603537,0.11993461704267855,0.00019758586003736168
Sabah,P.183 Beluran,44727,3674,15402,6055,177,0.08214277729335748,0.3443557582668187,0.13537684172870973,0.0039573412033000206
Sabah,P.184 Libaran,72332,5901,25126,9515,1935,0.0815821489797047,0.3473704584416303,0.13154620361665653,0.026751645191616436
Sabah,P.185 Batu Sapi,43916,3073,13633,7944,774,0.06997449676655433,0.3104335549685764,0.18089079151106657,0.017624555970489116
Sabah,P.186 Sandakan,55542,3652,16054,11891,371,0.06575204349861366,0.28904252637643585,0.21409023801807642,0.006679629829678442
Sabah,P.187 Kinabatangan,44773,3753,15413,6201,217,0.0838228396578295,0.34424764925289797,0.13849864873919548,0.0048466709847452705
Sabah,P.188 Lahad Datu,100256,8830,36628,12624,1773,0.0880745292052346,0.36534471752314074,0.12591765081391637,0.017684727098627513
Sabah,P.189 Semporna,72169,6564,25337,9655,937,0.09095317934293118,0.3510787180091175,0.1337832033144425,0.012983413931189292
Sabah,P.190 Tawau,87477,6133,26334,15887,1172,0.07010985744824354,0.3010391302856751,0.1816134526789899,0.013397807423665649
Sabah,P.191 Kalabakan,83970,6455,29148,10854,2744,0.07687269262831964,0.3471239728474455,0.1292604501607717,0.03267833750148863
Sarawak,P.192 Mas Gading,47171,3054,13174,8877,650,0.0647431684721545,0.2792817620995951,0.1881876576710267,0.01377965275275063
Sarawak,P.193 Santubong,79540,6528,26493,11342,161,0.08207191350264018,0.333077696756349,0.14259492079456876,0.002024138798089012
Sarawak,P.194 Petra Jaya,109809,8198,34397,16671,919,0.07465690426103506,0.3132439053265215,0.15181815698166817,0.00836907721589305
Sarawak,P.195 Bandar Kuching,109710,3850,17670,35944,1148,0.03509251663476438,0.16106097894449,0.3276273812779145,0.010463950414729742
Sarawak,P.196 Stampin,121009,8195,35073,18661,3499,0.06772223553619978,0.28983794593790546,0.1542116702063483,0.028915204654199275
Sarawak,P.197 Kota Samarahan,82229,6903,27618,10506,5084,0.08394848532756084,0.33586690826837245,0.12776514368410172,0.06182733585474711
Sarawak,P.198 Puncak Borneo,79969,5227,21721,14566,817,0.06536282809588716,0.27161775187885306,0.18214558141279746,0.010216458877815153
Sarawak,P.199 Serian,65273,4142,17110,12502,157,0.06345655937370735,0.2621298239700948,0.19153401866008915,0.002405282429182051
Sarawak,P.200 Batang Sadong,32640,2176,8616,6515,105,0.06666666666666667,0.2639705882352941,0.19960171568627452,0.003216911764705882
Sarawak,P.201 Batang Lupar,43072,2746,11558,7879,19,0.0637537147102526,0.26834138187221396,0.18292626300148587,0.0004411218424962853
Sarawak,P.202 Sri Aman,50164,3156,13453,10939,881,0.06291364325013954,0.2681803683916753,0.21806474762778089,0.01756239534327406
Sarawak,P.203 Lubok Antu,28995,1684,6789,6453,91,0.058078979134333505,0.23414381789963787,0.22255561303673047,0.0031384721503707534
Sarawak,P.204 Betong,41743,2595,11168,8150,130,0.062166111683396016,0.26754186330642266,0.19524231607694703,0.003114294612270321
Sarawak,P.205 Saratok,44531,2955,12177,8613,119,0.06635826727448295,0.27344995621028045,0.19341582268532034,0.0026722957041162335
Sarawak,P.206 Tanjong Manis,32948,2268,9665,5425,8,0.06883574116790094,0.2933410222168265,0.16465339322568898,0.0002428068471530897
Sarawak,P.207 Igan,28290,1889,8396,4853,76,0.06677271120537293,0.29678331565924354,0.17154471544715447,0.002686461647225168
Sarawak,P.208 Sarikei,55018,3048,13699,11662,331,0.0554000508924352,0.2489912392307972,0.2119669926205969,0.006016212875786107
Sarawak,P.209 Julau,34850,2194,9329,6485,66,0.06295552367288379,0.2676901004304161,0.18608321377331422,0.0018938307030129124
Sarawak,P.210 Kanowit,30988,1946,7973,6413,85,0.06279850264618562,0.25729314573383244,0.2069510778365819,0.002742997289273267
Sarawak,P.211 Lanang,87356,5231,23646,18187,1728,0.05988140482622831,0.2706854709464719,0.2081940565044187,0.01978112550940977
Sarawak,P.212 Sibu,105875,6613,29182,18973,2295,0.062460448642266825,0.27562691853600946,0.17920188902007084,0.021676505312868948
Sarawak,P.213 Mukah,46964,3128,13380,8547,202,0.0666042074780683,0.2848990716293331,0.18199046077846862,0.004301166851205179
Sarawak,P.214 Selangau,45743,3440,13386,7810,86,0.0752027632643246,0.29263493867914214,0.1707365061320858,0.0018800690816081149
Sarawak,P.215 Kapit,45210,3068,12520,8294,183,0.06786109267861093,0.2769298827692988,0.1834549878345499,0.00404777704047777
Sarawak,P.216 Hulu Rajang,43438,3281,13148,7703,79,0.07553294350568626,0.3026842856485105,0.17733321055297205,0.0018186841014779687
Sarawak,P.217 Bintulu,113599,8816,36759,16952,849,0.07760631695701546,0.32358559494361744,0.14922666572769128,0.00747365733853291
Sarawak,P.218 Sibuti,58522,4042,18052,9451,775,0.06906804278732784,0.3084651925771505,0.1614948224599296,0.013242883018352072
Sarawak,P.219 Miri,143229,9659,41972,25675,1043,0.06743746029086288,0.29304121372068503,0.17925839040976338,0.007282044837288538
Sarawak,P.220 Baram,59535,3774,15163,13054,79,0.06339128243890149,0.25469051818258165,0.21926597799613673,0.0013269505332997396
Sarawak,P.221 Limbang,41999,2845,11522,7888,360,0.06773970808828782,0.27433986523488657,0.18781399557132314,0.008571632657920427
Sarawak,P.222 Lawas,33655,2383,9870,5853,102,0.07080671519833606,0.2932699450304561,0.1739117515970881,0.0030307532313177833
